City_ID,City,Country,Lat,Lng,Max Temp,Humidity,Cloudiness,Wind Speed,Current Description
0,Butaritari,KI,3.0707,172.7902,81.55,71,43,10.8,scattered clouds
1,Jamestown,US,42.097,-79.2353,18.99,52,98,8.99,overcast clouds
2,Xiaoyi,CN,34.6178,109.703,68.97,37,3,7.05,clear sky
3,Busselton,AU,-33.65,115.3333,69.49,58,49,14.92,scattered clouds
4,Paamiut,GL,61.994,-49.6678,23.32,73,72,7.0,broken clouds
5,Morant Bay,JM,17.8815,-76.4093,78.42,82,21,14.52,few clouds
6,Bethel,US,41.3712,-73.414,27.95,66,35,7.0,scattered clouds
7,Punta Arenas,CL,-53.15,-70.9167,42.12,75,54,10.87,broken clouds
8,Tevaitoa,PF,-16.7833,-151.5,82.22,73,28,13.4,light rain
9,Ushuaia,AR,-54.8,-68.3,42.46,70,20,4.61,few clouds
10,Broome,US,42.2506,-75.833,18.86,67,75,14.97,broken clouds
11,Hobart,AU,-42.8794,147.3294,68.27,78,75,19.57,broken clouds
12,Tasiilaq,GL,65.6145,-37.6368,24.96,82,100,8.12,overcast clouds
13,Port Alfred,ZA,-33.5906,26.891,72.86,62,19,8.12,few clouds
14,Cape Town,ZA,-33.9258,18.4232,65.12,79,55,8.7,broken clouds
15,Esperance,AU,-33.8667,121.9,68.04,60,85,13.67,overcast clouds
16,Ancud,CL,-41.8697,-73.8203,55.22,83,88,19.93,overcast clouds
17,Bambous Virieux,MU,-20.3428,57.7575,84.22,62,11,7.25,few clouds
18,Mataura,NZ,-46.1927,168.8643,62.51,76,1,5.99,clear sky
19,Billings,US,45.7833,-108.5007,60.51,49,75,5.75,broken clouds
20,Te Anau,NZ,-45.4167,167.7167,67.48,62,12,2.84,few clouds
21,Ruteng,ID,-8.6136,120.4721,70.84,83,72,1.77,light rain
22,Rikitea,PF,-23.1203,-134.9692,79.14,70,83,10.54,broken clouds
23,Pangoa,PE,-12.1167,-73.0,66.76,99,80,1.52,broken clouds
24,Ponta Do Sol,PT,32.6667,-17.1,63.05,71,100,4.29,overcast clouds
25,Ploemeur,FR,47.7333,-3.4333,52.83,81,0,8.05,clear sky
26,Komsomolskiy,UZ,40.4272,71.7189,57.92,38,3,2.3,clear sky
27,Tucupita,VE,9.0622,-62.051,70.14,99,94,2.91,overcast clouds
28,Srednekolymsk,RU,67.45,153.6833,14.56,80,13,6.22,few clouds
29,Colombo,LK,6.9319,79.8478,89.55,68,8,6.58,clear sky
30,Vaini,TO,-21.2,-175.2,77.16,100,75,5.75,broken clouds
31,Vanderhoof,CA,54.0166,-124.0198,32.0,95,100,2.08,overcast clouds
32,Lebu,CL,-37.6167,-73.65,50.67,85,3,6.6,clear sky
33,Kahului,US,20.8947,-156.47,74.84,72,0,9.22,clear sky
34,Abdulino,RU,53.7,53.6667,26.73,95,100,10.89,light snow
35,Morehead,US,37.2711,-87.1764,38.79,64,0,1.01,clear sky
36,Yellowknife,CA,62.456,-114.3525,3.56,82,100,5.01,overcast clouds
37,East London,ZA,-33.0153,27.9116,71.11,67,35,7.92,scattered clouds
38,Evensk,RU,61.95,159.2333,14.86,83,100,31.97,overcast clouds
39,Port Lincoln,AU,-34.7333,135.8667,70.27,62,1,11.5,clear sky
40,Arraial Do Cabo,BR,-22.9661,-42.0278,75.29,91,64,4.23,broken clouds
41,Ruidoso,US,33.3317,-105.673,59.76,11,0,3.44,clear sky
42,Agirish,RU,61.9247,63.0231,26.98,93,100,12.75,overcast clouds
43,Corn Island,NI,12.1694,-83.0418,80.13,73,76,14.99,broken clouds
44,Nosy Varika,MG,-20.5833,48.5333,82.11,71,57,3.42,broken clouds
45,Avarua,CK,-21.2078,-159.775,75.25,94,20,4.61,light rain
46,Fortuna,US,40.5982,-124.1573,52.66,92,100,0.0,overcast clouds
47,Guerrero Negro,MX,27.9769,-114.0611,59.92,84,68,8.37,broken clouds
48,Cervo,ES,43.6702,-7.4101,56.28,74,100,2.75,overcast clouds
49,Kruisfontein,ZA,-34.0033,24.7314,74.17,44,17,8.63,few clouds
50,Chicama,PE,-7.8447,-79.1469,66.74,72,96,4.99,overcast clouds
51,Anjiang,CN,27.3194,110.1031,71.4,48,0,0.98,clear sky
52,Andilamena,MG,-17.0167,48.5833,75.11,69,99,2.44,overcast clouds
53,La Palma,US,33.8464,-118.0467,59.97,71,100,6.91,overcast clouds
54,Atuona,PF,-9.8,-139.0333,79.43,78,88,16.17,overcast clouds
55,Sitka,US,57.0531,-135.33,37.29,81,0,4.61,clear sky
56,Neuquen,AR,-38.9516,-68.0591,59.29,34,1,4.76,clear sky
57,New Norfolk,AU,-42.7826,147.0587,67.91,57,89,1.99,overcast clouds
58,Flinders,AU,-34.5833,150.8552,74.37,84,91,5.99,overcast clouds
59,Sur,OM,22.5667,59.5289,89.01,30,0,3.56,clear sky
60,Narsaq,GL,60.9167,-46.05,41.22,69,20,7.72,few clouds
61,Westport,US,41.1415,-73.3579,29.32,56,100,16.11,overcast clouds
62,Albany,US,42.6001,-73.9662,22.17,61,100,4.0,overcast clouds
63,Beloha,MG,-25.1667,45.05,75.92,72,100,16.8,overcast clouds
64,San Andres,CO,12.5847,-81.7006,80.62,78,20,10.36,few clouds
65,Faya,SA,18.3851,42.4509,66.72,20,0,2.8,clear sky
66,Husavik,IS,66.0449,-17.3389,23.65,73,99,7.94,overcast clouds
67,Hermanus,ZA,-34.4187,19.2345,66.02,59,68,4.72,broken clouds
68,Kuching,MY,1.55,110.3333,89.82,66,40,5.01,scattered clouds
69,Pevek,RU,69.7008,170.3133,-11.29,95,21,5.28,few clouds
70,Mpika,ZM,-11.8343,31.4529,64.78,94,100,7.25,overcast clouds
71,Sompeta,IN,18.9333,84.6,92.25,53,47,11.07,scattered clouds
72,Rantepao,ID,-2.9701,119.8978,78.71,74,70,1.48,broken clouds
73,Wanaka,NZ,-44.7,169.15,73.11,47,0,1.01,clear sky
74,Dikson,RU,73.5069,80.5464,-8.55,97,46,2.66,scattered clouds
75,Hay River,CA,60.8156,-115.7999,10.74,96,100,3.38,light snow
76,Mehamn,NO,71.0357,27.8492,24.71,71,100,12.73,light snow
77,Moses Lake,US,47.1301,-119.2781,57.88,66,0,3.44,clear sky
78,North Bend,US,43.4065,-124.2243,53.92,95,100,0.0,overcast clouds
79,Georgetown,MY,5.4112,100.3354,87.73,66,20,4.61,few clouds
80,Port Moresby,PG,-9.4431,147.1797,82.58,77,85,6.15,overcast clouds
81,Jacobabad,PK,28.281,68.4388,103.23,6,0,7.05,clear sky
82,Homnabad,IN,17.7667,77.1333,98.06,11,58,12.08,broken clouds
83,Copiapo,CL,-27.3667,-70.3333,66.81,55,0,1.36,clear sky
84,Klaksvik,FO,62.2266,-6.589,38.32,68,100,13.76,overcast clouds
85,Havoysund,NO,70.9963,24.6622,25.03,83,81,2.55,broken clouds
86,Khorramabad,IR,33.4878,48.3558,48.6,35,0,1.57,clear sky
87,Amga,RU,60.8953,131.9608,29.82,69,95,5.59,overcast clouds
88,West Wendover,US,40.7391,-114.0733,60.01,17,0,4.61,clear sky
89,Bredasdorp,ZA,-34.5322,20.0403,65.82,63,100,1.88,overcast clouds
90,Bluff,NZ,-46.6,168.3333,60.22,84,8,5.37,clear sky
91,Luderitz,NA,-26.6481,15.1594,63.55,71,0,2.28,clear sky
92,Hambantota,LK,6.1241,81.1185,88.43,61,6,11.48,clear sky
93,Torbay,CA,47.6666,-52.7314,37.27,93,100,21.85,light rain
94,Mantua,IT,45.1667,10.7833,45.64,61,1,3.11,clear sky
95,Aklavik,CA,68.2191,-135.0107,-14.31,100,100,3.11,overcast clouds
96,Miri,MY,4.4148,114.0089,84.24,64,43,8.48,scattered clouds
97,Inhambane,MZ,-23.865,35.3833,77.97,70,54,13.44,broken clouds
98,Kendari,ID,-3.945,122.4989,89.24,54,96,4.09,heavy intensity rain
99,Agadir,MA,30.4202,-9.5982,59.45,60,100,5.93,overcast clouds
100,Provideniya,RU,64.3833,-173.3,10.78,89,27,4.16,scattered clouds
101,Hithadhoo,MV,-0.6,73.0833,81.77,64,2,5.19,clear sky
102,Bengkulu,ID,-3.8004,102.2655,85.3,66,34,10.8,scattered clouds
103,Chadan,RU,51.2833,91.5833,27.79,88,100,2.33,overcast clouds
104,Vao,NC,-22.6667,167.4833,77.13,67,15,15.32,few clouds
105,Roald,NO,62.5833,6.1333,42.75,93,75,21.85,drizzle
106,Zhangjiakou,CN,40.81,114.8794,54.07,20,1,9.78,clear sky
107,Carnarvon,AU,-24.8667,113.6333,85.53,51,0,18.25,clear sky
108,Ribeira Grande,PT,38.5167,-28.7,59.7,84,99,11.63,overcast clouds
109,Dingle,PH,10.9995,122.6711,89.01,56,30,15.48,scattered clouds
110,Niono,ML,14.2526,-5.993,82.87,15,20,7.18,few clouds
111,Riberalta,BO,-10.9833,-66.1,71.46,98,100,2.39,overcast clouds
112,Kutum,SD,14.2,24.6667,61.38,11,2,17.72,clear sky
113,Qaanaaq,GL,77.484,-69.3632,6.55,94,99,4.29,overcast clouds
114,Oktyabrskiy,RU,54.4815,53.471,25.5,87,99,10.2,overcast clouds
115,Gwanda,ZW,-20.9333,29.0,65.39,89,50,9.13,scattered clouds
116,Zyryanka,RU,65.75,150.85,14.97,81,59,2.39,broken clouds
117,Eureka,US,40.8021,-124.1637,53.74,84,100,1.01,overcast clouds
118,Saldanha,ZA,-33.0117,17.9442,62.15,79,41,8.48,scattered clouds
119,Akdepe,TM,42.0551,59.3788,57.72,39,49,17.81,scattered clouds
120,Cabedelo,BR,-6.9811,-34.8339,75.87,86,94,9.17,overcast clouds
121,Stromness,GB,58.965,-3.296,46.87,80,30,5.01,scattered clouds
122,Lompoc,US,34.6391,-120.4579,56.12,72,100,23.02,overcast clouds
123,Shakiso,ET,5.75,38.9167,71.73,26,66,8.28,broken clouds
124,Thompson,CA,55.7435,-97.8558,2.08,95,84,3.2,broken clouds
125,Kloulklubed,PW,7.0419,134.2556,84.7,74,88,15.75,overcast clouds
126,Wagga Wagga,AU,-35.1167,147.3667,81.01,34,40,14.97,scattered clouds
127,Constitucion,CL,-35.3333,-72.4167,53.33,78,44,10.92,scattered clouds
128,Campbell River,CA,50.0163,-125.2446,45.45,96,100,3.53,overcast clouds
129,Norman Wells,CA,65.282,-126.8329,4.87,98,100,2.55,overcast clouds
130,Kapoeta,SS,4.7717,33.5903,84.78,45,84,12.41,broken clouds
131,Goderich,CA,43.7501,-81.7165,21.9,83,100,22.62,light snow
132,Pimentel,PE,-6.8367,-79.9342,70.47,79,100,9.46,overcast clouds
133,Nemuro,JP,43.3236,145.575,34.7,75,72,14.54,broken clouds
134,Souillac,MU,-20.5167,57.5167,82.38,62,3,7.23,clear sky
135,Khatanga,RU,71.9667,102.5,2.48,92,100,13.11,light snow
136,Hasaki,JP,35.7333,140.8333,59.29,48,99,16.55,overcast clouds
137,Cabo San Lucas,MX,22.8909,-109.9124,74.52,44,13,11.95,few clouds
138,Kapaa,US,22.0752,-159.319,75.18,83,40,10.36,light rain
139,Sao Filipe,CV,14.8961,-24.4956,69.96,77,100,9.19,overcast clouds
140,Marawi,PH,7.9986,124.2928,76.41,84,64,1.34,light rain
141,Casper,US,42.8666,-106.3131,55.62,35,96,5.7,overcast clouds
142,Waipawa,NZ,-41.4122,175.5153,54.9,84,93,4.88,overcast clouds
143,Ejido,VE,8.5514,-71.2375,65.08,78,84,6.49,broken clouds
144,Chokurdakh,RU,70.6333,147.9167,0.19,92,19,5.7,few clouds
145,Sananduva,BR,-27.9497,-51.8067,53.46,93,0,3.13,clear sky
146,Itarema,BR,-2.9248,-39.9167,76.12,91,99,7.09,overcast clouds
147,Harper,LR,4.375,-7.7169,79.34,88,40,4.32,light rain
148,Ostrovnoy,RU,68.0531,39.5131,21.69,65,100,9.55,light snow
149,Nikolskoye,RU,59.7035,30.7861,30.7,97,100,9.82,light snow
150,Praya,CV,14.9215,-23.5087,68.54,77,40,11.5,scattered clouds
151,Barrow,US,71.2906,-156.7887,-0.38,71,100,17.27,overcast clouds
152,Mazatlan,MX,23.2167,-106.4167,68.92,80,75,0.0,broken clouds
153,Cherskiy,RU,68.75,161.3,4.68,91,64,3.69,broken clouds
154,Geraldton,AU,-28.7667,114.6,90.01,51,40,14.97,scattered clouds
155,Saint-Augustin,CA,51.226,-58.6502,31.46,97,100,7.05,overcast clouds
156,Port Hardy,CA,50.6996,-127.4199,43.72,91,100,5.3,light rain
157,Accra,GH,5.556,-0.1969,80.98,85,67,9.33,broken clouds
158,Honiara,SB,-9.4333,159.95,81.39,85,95,3.0,moderate rain
159,Tuktoyaktuk,CA,69.4541,-133.0374,-17.21,97,13,6.49,few clouds
160,Andenes,NO,69.3143,16.1194,26.58,59,0,26.46,clear sky
161,Tucuma,BR,-0.1833,-50.05,75.04,96,100,6.82,overcast clouds
162,Emba,KZ,48.8264,58.1442,34.54,100,100,17.87,overcast clouds
163,Puerto Ayora,EC,-0.7393,-90.3518,78.26,84,77,7.94,broken clouds
164,Bahia Blanca,AR,-38.7196,-62.2724,60.55,54,0,8.32,clear sky
165,Okhotsk,RU,59.3833,143.3,25.27,66,0,14.52,clear sky
166,Sembe,CG,1.6481,14.5806,73.53,57,43,2.24,scattered clouds
167,Taltal,CL,-25.4,-70.4833,64.74,79,5,1.36,clear sky
168,Sao Joao Da Barra,BR,-21.6403,-41.0511,76.35,92,9,4.85,clear sky
169,Tricase,IT,39.9304,18.3553,52.36,85,100,13.8,overcast clouds
170,Tuatapere,NZ,-46.1333,167.6833,60.28,87,33,7.49,scattered clouds
171,Beyla,GN,8.6833,-8.6333,68.56,85,40,2.75,scattered clouds
172,Inirida,CO,3.8653,-67.9239,73.0,98,94,2.17,overcast clouds
173,Iqaluit,CA,63.7506,-68.5145,9.7,92,100,4.0,overcast clouds
174,Saint-Joseph,RE,-21.3667,55.6167,83.21,78,53,1.45,broken clouds
175,Chuy,UY,-33.6971,-53.4616,59.49,65,0,5.91,clear sky
176,Khilok,RU,51.3674,110.4676,26.38,45,84,13.98,broken clouds
177,Tublay,PH,16.5431,120.6096,85.51,43,90,4.0,overcast clouds
178,Bairiki,KI,1.3292,172.9752,82.4,78,40,5.75,scattered clouds
179,Bara,NG,10.3744,10.7288,70.63,18,17,7.23,few clouds
180,Pallisa,UG,1.145,33.7094,67.69,87,96,2.39,light rain
181,Olafsvik,IS,64.8945,-23.7142,33.35,77,100,20.33,overcast clouds
182,Rio Gallegos,AR,-51.6226,-69.2181,39.25,81,0,2.3,clear sky
183,Clarence Town,AU,-32.5833,151.7833,75.15,92,100,1.16,moderate rain
184,Adolfo Ruiz Cortines,MX,25.75,-108.75,63.68,42,10,5.97,clear sky
185,Lata,PT,40.1629,-8.3327,56.07,59,100,6.22,overcast clouds
186,Sovetskiy,RU,61.3614,63.5842,27.16,91,100,13.33,overcast clouds
187,Zabaykalsk,RU,49.6333,117.3167,35.06,46,93,16.78,overcast clouds
188,Ayna,PE,-12.65,-73.9167,59.11,98,99,0.56,overcast clouds
189,Katsuura,JP,35.1333,140.3,64.42,72,100,15.86,overcast clouds
190,Aksu,CN,41.1231,80.2644,57.94,23,61,4.18,broken clouds
191,Brufut,GM,13.3814,-16.7518,67.08,81,100,14.29,overcast clouds
192,Khed Brahma,IN,24.0333,73.05,99.54,8,20,13.38,few clouds
193,Victoria,HK,22.2855,114.1577,64.33,90,100,1.99,overcast clouds
194,Griffith,US,41.5284,-87.4237,25.9,86,0,0.0,clear sky
195,Qaqortoq,GL,60.7167,-46.0333,23.22,69,35,6.42,scattered clouds
196,Rognan,NO,67.0953,15.3878,30.34,91,99,7.14,light snow
197,Lorengau,PG,-2.0226,147.2712,83.26,73,93,8.72,overcast clouds
198,Kurchatov,RU,51.6601,35.6521,31.96,49,90,12.88,overcast clouds
199,Castro,BR,-24.7911,-50.0119,61.14,99,12,4.61,few clouds
200,Puerto Del Rosario,ES,28.5004,-13.8627,60.55,82,20,5.75,few clouds
201,Cartagena Del Chaira,CO,1.3349,-74.8429,70.59,100,100,2.71,heavy intensity rain
202,Letka,RU,59.6011,49.4232,15.91,81,100,11.25,overcast clouds
203,Santa Isabel Do Rio Negro,BR,-0.4139,-65.0192,72.97,100,100,1.1,overcast clouds
204,San Ramon De La Nueva Oran,AR,-23.1322,-64.326,67.33,75,0,2.21,clear sky
205,Severo-Kurilsk,RU,50.6789,156.125,32.14,88,97,32.7,light snow
206,Gotsu,JP,35.0,132.2167,51.8,48,100,16.17,overcast clouds
207,Faanui,PF,-16.4833,-151.75,82.6,70,28,13.91,scattered clouds
208,San Rafael,AR,-34.6177,-68.3301,64.02,35,61,1.95,broken clouds
209,Requena,ES,39.4883,-1.1004,43.52,86,91,4.81,overcast clouds
210,Guozhen,CN,34.3659,107.359,66.11,43,3,7.02,clear sky
211,Pervomayskoye,RU,43.919,46.7102,37.8,55,99,22.77,overcast clouds
212,Leningradskiy,RU,69.3833,178.4167,-6.65,94,42,2.42,scattered clouds
213,Kieta,PG,-6.2167,155.6333,81.61,84,74,7.29,light rain
214,Moree,AU,-29.4667,149.85,75.51,57,92,7.4,overcast clouds
215,Novouzensk,RU,50.4592,48.1431,26.47,92,100,16.02,light snow
216,Tayginka,RU,55.6244,60.5076,35.28,89,100,13.11,overcast clouds
217,Riyadh,SA,24.6877,46.7219,66.34,17,1,12.91,clear sky
218,Kuusamo,FI,65.9667,29.1833,12.24,57,0,8.05,clear sky
219,Panama City,PA,8.9936,-79.5197,79.14,84,100,6.91,overcast clouds
220,Hvolsvollur,IS,63.7533,-20.2243,38.01,75,100,5.3,overcast clouds
221,Lazaro Cardenas,MX,17.9583,-102.2,71.01,74,3,2.08,clear sky
222,Luwuk,ID,-0.9516,122.7875,84.51,74,99,2.98,overcast clouds
223,Ginir,ET,7.1333,40.7,68.2,28,37,6.78,scattered clouds
224,Cavalcante,BR,-13.7975,-47.4583,71.15,64,56,1.81,broken clouds
225,Seoul,KR,37.5683,126.9778,60.19,10,5,3.85,clear sky
226,Qasigiannguit,GL,68.8193,-51.1922,32.25,58,65,11.41,broken clouds
227,Miajadas,ES,39.1513,-5.9084,51.1,69,100,8.03,overcast clouds
228,Hobyo,SO,5.3505,48.5268,82.72,58,94,16.13,overcast clouds
229,Tiznit,MA,29.5833,-9.5,59.14,46,52,2.3,broken clouds
230,Henties Bay,NA,-22.116,14.2845,63.93,88,51,1.61,broken clouds
231,Isla Vista,US,34.4133,-119.861,55.35,80,100,14.97,mist
232,Rawson,AR,-43.3002,-65.1023,61.77,36,24,8.32,few clouds
233,Babu,CN,24.4167,111.5167,70.47,61,88,2.01,overcast clouds
234,Alihe,CN,50.5667,123.7167,43.47,43,5,11.41,clear sky
235,Palkonda,IN,18.6,83.75,104.11,22,20,2.51,few clouds
236,Nioro,GM,13.35,-15.75,71.04,43,100,7.74,overcast clouds
237,Tahta,EG,26.7693,31.5021,59.49,33,0,12.5,clear sky
238,Cleveland,US,41.4995,-81.6954,26.69,61,100,20.71,overcast clouds
239,Caibarien,CU,22.5206,-79.4669,60.12,56,0,14.27,clear sky
240,Upernavik,GL,72.7868,-56.1549,12.09,84,97,8.21,overcast clouds
241,Graham,US,47.0529,-122.2943,53.94,89,75,1.99,broken clouds
242,Hilo,US,19.7297,-155.09,71.33,79,40,5.75,scattered clouds
243,Mar Del Plata,AR,-38.0023,-57.5575,56.88,84,0,4.29,clear sky
244,Jinchang,CN,38.4953,102.1739,57.96,15,90,25.68,overcast clouds
245,Takoradi,GH,4.8845,-1.7554,79.83,89,99,6.96,overcast clouds
246,Kabo,CF,7.6994,18.629,74.98,18,77,3.44,broken clouds
247,Airai,TL,-8.9266,125.4092,69.21,79,95,0.89,overcast clouds
248,Nishihara,JP,26.1842,127.7558,64.06,77,75,16.11,broken clouds
249,Morondava,MG,-20.2833,44.2833,81.7,76,69,1.92,broken clouds
250,Orguz,BA,43.7739,16.8639,45.97,61,95,2.44,overcast clouds
251,Aleksandrovskiy Zavod,RU,50.9237,117.9374,28.04,53,99,16.13,overcast clouds
252,Awbari,LY,26.5921,12.7805,64.0,9,18,12.71,few clouds
253,Cap Malheureux,MU,-19.9842,57.6142,84.47,69,2,5.99,clear sky
254,Marrakesh,MA,31.6315,-8.0083,62.67,45,54,4.61,broken clouds
255,Parabel,RU,58.6978,81.4825,26.98,77,48,8.61,scattered clouds
256,Grindavik,IS,63.8424,-22.4338,41.47,81,75,27.63,broken clouds
257,Puerto Leguizamo,CO,-0.1934,-74.7819,69.06,100,100,1.59,overcast clouds
258,Cairns,AU,-16.9167,145.7667,86.11,70,40,5.75,scattered clouds
259,Anadyr,RU,64.75,177.4833,-7.1,83,0,8.95,clear sky
260,Gavle,SE,60.6745,17.1417,46.51,63,100,7.0,overcast clouds
261,Falun,SE,60.6036,15.626,45.95,64,100,7.56,overcast clouds
262,Tessalit,ML,20.1986,1.0114,77.63,8,79,12.64,broken clouds
263,Isangel,VU,-19.55,169.2667,81.01,76,89,8.95,overcast clouds
264,Argentan,FR,48.75,-0.0167,46.24,77,59,6.22,broken clouds
265,Olga,RU,43.7444,135.2892,45.27,40,2,12.64,clear sky
266,Shimoda,JP,34.6667,138.95,59.11,73,96,8.61,overcast clouds
267,Krasnyy Oktyabr,RU,56.1167,38.8833,21.58,80,100,7.94,overcast clouds
268,San Luis,AR,-33.295,-66.3356,66.06,42,74,12.8,broken clouds
269,Fairbanks,US,64.8378,-147.7164,32.34,68,0,5.75,clear sky
270,Rudnichnyy,RU,59.617,52.4703,17.22,79,100,9.64,overcast clouds
271,Massaguet,TD,12.4755,15.4365,71.49,7,87,14.65,overcast clouds
272,Luangwa,ZM,-15.6167,30.4167,75.4,85,100,8.5,overcast clouds
273,Dhamnod,IN,22.2167,75.4667,102.42,9,22,13.31,few clouds
274,Majene,ID,-3.5403,118.9707,87.15,60,59,7.27,broken clouds
275,Barcelos,PT,41.5388,-8.6151,59.14,73,100,6.11,overcast clouds
276,Kamskoye Ustye,RU,55.2016,49.268,23.0,80,100,14.38,overcast clouds
277,Uvalde,US,29.3669,-99.767,67.19,32,0,8.05,clear sky
278,Wenling,CN,28.3669,121.36,52.5,85,100,8.52,overcast clouds
279,Ambunti,PG,-4.2365,142.8448,85.86,70,95,3.49,overcast clouds
280,Musoma,TZ,-1.5,33.8,71.8,75,89,2.46,light rain
281,Muisne,EC,0.6,-80.0333,76.91,86,100,3.36,light rain
282,Saint-Francois,FR,46.4154,3.9054,33.24,93,19,1.14,few clouds
283,Valparaiso,CL,-33.0393,-71.6273,59.47,72,72,11.25,broken clouds
284,Masyaf,SY,35.0653,36.3406,49.57,49,0,2.91,clear sky
285,Tiksi,RU,71.6872,128.8694,3.52,84,100,3.98,overcast clouds
286,Badami,IN,15.915,75.6768,95.41,23,20,5.79,few clouds
287,Luebo,CD,-5.35,21.4167,71.65,98,96,1.52,moderate rain
288,Sambava,MG,-14.2667,50.1667,82.38,70,41,4.76,scattered clouds
289,Marigot,MF,18.0667,-63.0833,77.04,83,40,4.61,scattered clouds
290,Lima,PE,-12.0432,-77.0282,68.25,78,0,6.91,clear sky
291,Tanabe,JP,33.7333,135.3667,59.94,38,98,5.99,overcast clouds
292,Chipiona,ES,36.7366,-6.437,60.31,72,20,27.63,few clouds
293,Tevriz,RU,57.509,72.4042,25.21,86,94,9.89,overcast clouds
294,Enterprise,US,36.0252,-115.2419,72.46,14,40,13.8,scattered clouds
295,Tazovskiy,RU,67.4667,78.7,11.01,93,98,13.06,overcast clouds
296,Zhaotong,CN,27.3167,103.7167,64.81,41,16,8.34,few clouds
297,Camopi,GF,3.1655,-52.3158,70.9,100,98,1.99,overcast clouds
298,Port Elizabeth,ZA,-33.918,25.5701,71.31,87,0,5.75,clear sky
299,Half Moon Bay,US,37.4636,-122.4286,56.05,90,100,10.36,light rain
300,Asau,RO,46.4333,26.4,29.32,48,9,4.23,clear sky
301,Ilulissat,GL,69.2167,-51.1,32.02,43,57,27.63,mist
302,Whyalla,AU,-33.0333,137.5833,82.29,34,0,10.36,clear sky
303,Lufilufi,WS,-13.8745,-171.5986,82.18,74,99,8.5,light rain
304,Borzya,RU,50.3833,116.5167,32.81,22,98,21.16,overcast clouds
305,Arrifes,PT,37.7667,-25.7,57.45,82,40,14.97,scattered clouds
306,Haines Junction,CA,60.7522,-137.5108,11.82,98,76,2.64,broken clouds
307,Priargunsk,RU,50.3691,119.1012,36.81,50,88,15.17,overcast clouds
308,Mahebourg,MU,-20.4081,57.7,84.25,62,10,7.34,clear sky
309,Vardo,NO,70.3705,31.1107,26.58,59,75,17.27,broken clouds
310,Iquitos,PE,-3.7481,-73.2472,73.44,100,100,1.14,overcast clouds
311,Lavrentiya,RU,65.5833,-171.0,3.78,89,26,6.67,scattered clouds
312,Yangambi,CD,0.8102,24.4336,74.32,90,100,4.14,overcast clouds
313,Nizhniy Tsasuchey,RU,50.5167,115.1333,36.07,25,95,19.3,overcast clouds
314,Huron,US,41.1501,-82.5499,25.68,69,12,13.71,few clouds
315,Champerico,GT,14.3,-91.9167,79.93,72,98,2.86,overcast clouds
316,Portree,GB,57.4129,-6.1942,49.51,70,11,1.3,few clouds
317,Birin,NP,26.8865,88.0718,76.39,24,3,8.59,clear sky
318,Kavaratti,IN,10.5669,72.642,83.37,77,89,10.98,overcast clouds
319,Tinaquillo,VE,9.9186,-68.3047,73.92,79,93,4.25,overcast clouds
320,Ambon,ID,-3.6954,128.1814,89.74,66,20,4.81,few clouds
321,San Policarpo,PH,12.1791,125.5072,81.55,84,67,12.88,broken clouds
322,Tautira,PF,-17.7333,-149.15,81.72,75,76,13.44,broken clouds
323,Raymond,US,43.9015,-70.4703,31.51,58,100,6.44,overcast clouds
324,Camacha,PT,33.0833,-16.3333,54.82,77,20,4.61,few clouds
325,Puro,PH,12.4841,123.3827,86.76,62,34,13.44,scattered clouds
326,Saskylakh,RU,71.9167,114.0833,2.08,88,100,9.22,overcast clouds
327,Mahwa,IN,27.0471,76.9288,101.84,6,1,8.86,clear sky
328,Sao Felix Do Xingu,BR,-6.6447,-51.995,71.58,99,100,0.74,overcast clouds
329,Lingao,CN,19.9103,109.6859,69.26,81,100,12.17,overcast clouds
330,Palombara Sabina,IT,42.0667,12.768,55.27,54,94,3.4,overcast clouds
331,Zhumadian,CN,32.9794,114.0294,66.87,50,0,10.18,clear sky
332,Jacareacanga,BR,-6.2222,-57.7528,73.67,99,100,1.05,overcast clouds
333,Porto Novo,BJ,6.4965,2.6036,80.44,86,51,4.72,broken clouds
334,Brae,GB,60.3964,-1.353,42.91,79,55,15.82,broken clouds
335,Kodiak,US,57.79,-152.4072,36.91,100,100,11.5,moderate rain
336,Bathsheba,BB,13.2167,-59.5167,77.61,73,40,16.11,scattered clouds
337,The Valley,AI,18.217,-63.0578,77.09,77,59,12.37,broken clouds
338,Saint-Philippe,RE,-21.3585,55.7679,84.22,77,62,5.64,broken clouds
339,Vanimo,PG,-2.6741,141.3028,81.63,84,100,10.87,overcast clouds
340,Kauhajoki,FI,62.4333,22.1833,35.76,79,81,15.79,light rain
341,Bartlesville,US,36.7473,-95.9808,47.1,54,0,6.91,clear sky
342,Atasu,KZ,48.6814,71.6433,31.05,93,98,10.16,overcast clouds
343,Xining,CN,36.6167,101.7667,57.85,12,16,3.4,few clouds
344,Hun,LY,29.1268,15.9477,66.67,10,36,5.91,scattered clouds
345,Nhamunda,BR,-2.1861,-56.7131,73.15,99,96,0.96,very heavy rain
346,Port Blair,IN,11.6667,92.75,86.88,64,52,1.28,broken clouds
347,Prince Rupert,CA,54.3161,-130.3201,41.41,86,5,3.22,clear sky
348,Longyearbyen,SJ,78.2186,15.6401,8.44,66,20,6.91,few clouds
349,Pavlodar,KZ,52.3,76.95,30.0,80,100,4.47,overcast clouds
350,Ambilobe,MG,-13.2,49.05,82.58,75,65,2.24,broken clouds
351,Coquimbo,CL,-29.9533,-71.3436,62.28,81,1,2.48,clear sky
352,Rio Grande,BR,-32.035,-52.0986,64.35,72,0,7.43,clear sky
353,Yumen,CN,40.2833,97.2,53.24,22,97,25.9,overcast clouds
354,Kavieng,PG,-2.5744,150.7967,84.34,70,32,9.4,scattered clouds
355,Sobolevo,RU,54.4299,31.8996,29.44,80,100,20.18,light snow
356,Hamilton,US,39.1834,-84.5333,28.09,68,0,5.75,clear sky
357,Nanortalik,GL,60.1432,-45.2371,28.22,79,64,3.31,broken clouds
358,Abengourou,CI,6.7297,-3.4964,72.79,98,88,2.13,overcast clouds
359,Ketchikan,US,55.3422,-131.6461,44.58,75,0,10.36,clear sky
360,Kununurra,AU,-15.7667,128.7333,96.78,41,93,9.22,overcast clouds
361,Avera,US,33.194,-82.5271,53.65,46,56,8.61,broken clouds
362,Lagoa,PT,39.05,-27.9833,58.23,84,97,9.48,overcast clouds
363,Cayenne,GF,4.9333,-52.3333,80.1,1,20,5.99,few clouds
364,Wilmington,US,34.2257,-77.9447,46.31,38,0,8.05,clear sky
365,Mujiayingzi,CN,42.1167,118.7833,54.34,20,41,23.58,scattered clouds
366,Biak,ID,-0.9131,122.8766,83.25,69,98,3.22,overcast clouds
367,Berlevag,NO,70.8578,29.0864,24.75,80,75,10.36,broken clouds
368,Potosi,BO,-19.5836,-65.7531,42.67,77,17,2.21,few clouds
369,Sao Pedro Da Aldeia,BR,-22.8392,-42.1028,73.71,94,58,3.6,broken clouds
370,Malanville,BJ,11.8685,3.3899,75.25,12,5,8.12,clear sky
371,Mount Gambier,AU,-37.8333,140.7667,68.16,56,36,7.99,scattered clouds
372,Cidreira,BR,-30.1811,-50.2056,65.34,83,0,6.62,clear sky
373,Qujing,CN,25.4833,103.7833,69.66,37,4,16.84,clear sky
374,Lofthus,NO,59.9468,10.8018,49.68,54,100,1.99,overcast clouds
375,Codrington,AU,-38.2667,141.9667,66.16,67,9,10.65,clear sky
376,Kaitangata,NZ,-46.2817,169.8464,60.21,85,2,2.44,clear sky
377,Bartoszyce,PL,54.2535,20.8082,42.66,84,28,17.09,scattered clouds
378,Eyemouth,GB,55.8713,-2.0901,45.93,83,16,3.89,few clouds
379,Loikaw,MM,19.6742,97.2094,88.54,26,66,5.93,broken clouds
380,Matara,LK,5.9485,80.5353,88.12,61,7,9.51,clear sky
381,Shimoga,IN,13.9167,75.5667,95.99,31,7,2.13,clear sky
382,Whithorn,JM,18.2604,-78.0378,72.45,84,58,6.58,broken clouds
383,Talnakh,RU,69.4865,88.3972,1.2,90,98,5.88,overcast clouds
384,La Ronge,CA,55.1001,-105.2842,8.73,98,71,4.68,broken clouds
385,Yankton,US,42.8711,-97.3973,28.11,59,0,5.75,clear sky
386,Verkhoturye,RU,58.8627,60.8054,33.76,94,100,8.32,overcast clouds
387,Rio Branco Do Sul,BR,-25.19,-49.3142,69.35,98,86,2.71,overcast clouds
388,Kajaani,FI,64.2273,27.7285,17.65,86,100,16.11,light snow
389,Valdivia,CL,-39.8142,-73.2459,43.65,98,1,1.5,clear sky
390,Tambopata,PE,-12.7333,-69.1833,68.14,97,100,0.6,overcast clouds
391,Hualmay,PE,-11.0964,-77.6139,70.14,85,79,8.28,broken clouds
392,Xiongzhou,CN,25.1167,114.3,63.32,70,100,4.21,overcast clouds
393,Mafeteng,LS,-29.823,27.2374,60.19,44,0,3.44,clear sky
394,Crateus,BR,-5.1783,-40.6775,70.59,98,100,2.53,overcast clouds
395,Gondar,ET,12.6,37.4667,69.53,36,3,5.26,clear sky
396,Samfya,ZM,-11.3649,29.5565,69.66,89,98,6.76,overcast clouds
397,Taoudenni,ML,22.6783,-3.9836,81.23,36,12,9.01,few clouds
398,Itigi,TZ,-5.7,34.4833,70.48,75,16,8.97,few clouds
399,Soyo,AO,-6.1349,12.3689,79.75,91,99,6.49,overcast clouds
400,Liberty,US,31.8335,-81.5004,57.27,58,0,4.61,clear sky
401,Maba,CN,24.6841,113.5984,65.46,70,100,1.54,overcast clouds
402,Lakhnadon,IN,22.6,79.6,96.85,7,9,9.57,clear sky
403,Mwadui,TZ,-3.55,33.6,71.73,76,68,4.0,light rain
404,Chivilcoy,AR,-34.8957,-60.0167,62.02,10,0,1.99,clear sky
405,Kuandian,CN,40.7286,124.7847,50.41,29,0,17.09,clear sky
406,Price,US,39.5994,-110.8107,54.12,18,0,4.61,clear sky
407,Logatec,SI,45.9144,14.2258,53.35,58,0,0.4,clear sky
408,Plyussa,RU,58.4308,29.3654,36.63,90,100,14.63,overcast clouds
409,Pirapora,BR,-17.345,-44.9419,72.23,65,81,1.32,broken clouds
410,Goba,ET,7.0167,39.9833,59.2,47,57,5.79,broken clouds
411,Los Llanos De Aridane,ES,28.6585,-17.9182,60.55,96,75,20.71,broken clouds
412,Nurota,UZ,40.5614,65.6886,53.47,45,13,5.95,few clouds
413,Novska,HR,45.3406,16.9769,49.62,75,11,2.04,few clouds
414,Port-Gentil,GA,-0.7193,8.7815,81.05,83,99,14.14,light rain
415,Nabagram,IN,22.2881,88.5092,93.18,29,5,13.85,clear sky
416,Pochutla,MX,15.7432,-96.4661,73.81,72,90,2.89,overcast clouds
417,Alice Springs,AU,-23.7,133.8833,89.15,12,3,11.5,clear sky
418,Shimanovsk,RU,52.0,127.7,38.26,62,18,12.46,few clouds
419,Buala,SB,-8.145,159.5921,80.47,85,100,6.44,moderate rain
420,Fryanovo,RU,56.1333,38.45,21.74,78,100,8.9,overcast clouds
421,Bonthe,SL,7.5264,-12.505,74.64,90,71,8.03,light rain
422,Salalah,OM,17.0151,54.0924,89.69,19,1,20.71,clear sky
423,Pafos,CY,34.7667,32.4167,56.23,50,0,6.91,clear sky
424,Huarmey,PE,-10.0681,-78.1522,71.42,82,99,7.83,overcast clouds
425,Sainte-Martine,CA,45.2501,-73.7992,16.95,78,100,8.05,overcast clouds
426,Palmer,US,42.1584,-72.3287,26.24,49,100,14.97,overcast clouds
427,Waddan,LY,29.1614,16.139,65.75,11,39,6.96,scattered clouds
428,San Cristobal,VE,7.7669,-72.225,65.52,81,90,1.97,overcast clouds
429,Labelle,US,26.7617,-81.4384,64.98,55,17,5.53,few clouds
430,Santa Maria,BR,-29.6842,-53.8069,60.49,80,5,2.39,clear sky
431,Wonthaggi,AU,-38.6044,145.5913,69.82,70,56,9.08,broken clouds
432,Mga,RU,59.75,31.0667,30.9,95,100,11.3,snow
433,Buraydah,SA,26.326,43.975,63.91,18,0,11.12,clear sky
434,Adrar,MR,20.5022,-10.0711,71.51,16,21,9.4,few clouds
435,Belyy Yar,RU,53.6039,91.3903,33.69,37,0,4.47,clear sky
436,Ornskoldsvik,SE,63.2909,18.7153,36.55,75,100,12.66,overcast clouds
437,Plettenberg Bay,ZA,-34.0527,23.3716,74.5,46,30,6.78,scattered clouds
438,Bom Jardim,BR,-7.7958,-35.5872,71.29,98,100,3.18,overcast clouds
439,Nizhniy Odes,RU,63.6445,54.856,28.26,96,100,5.3,light snow
440,Hutchinson,US,38.0608,-97.9298,41.74,63,0,6.91,clear sky
441,Anori,BR,-3.7728,-61.6442,73.26,99,100,1.54,overcast clouds
442,Kathmandu,NP,27.7167,85.3167,77.22,44,40,4.61,haze
443,Viedma,AR,-40.8135,-62.9967,57.87,69,0,12.21,clear sky
444,Pontianak,ID,-0.0333,109.3333,93.18,52,75,5.75,broken clouds
445,Poum,NC,-20.2333,164.0167,81.66,73,41,15.7,scattered clouds
446,Balabac,PH,7.9868,117.0645,82.69,70,87,5.82,overcast clouds
447,Port-Cartier,CA,50.0334,-66.8654,27.75,90,100,6.55,overcast clouds
448,Beyneu,KZ,45.3167,55.2,44.6,67,72,11.52,broken clouds
449,Port Hedland,AU,-20.3167,118.5667,91.45,55,40,6.91,scattered clouds
450,Kaeo,NZ,-35.1,173.7833,68.32,78,6,4.65,clear sky
451,Sibu,MY,2.3,111.8167,94.57,45,90,2.35,overcast clouds
452,Labuhan,ID,-6.8844,112.2051,87.1,64,86,6.51,overcast clouds
453,Salmas,IR,38.1973,44.7653,40.93,35,0,3.96,clear sky
454,Mao,ES,39.8885,4.2658,50.56,100,1,8.05,clear sky
455,Svetlogorsk,BY,52.6333,29.7333,36.68,48,97,17.69,overcast clouds
456,Maniitsoq,GL,65.4167,-52.9,24.48,72,94,8.03,overcast clouds
457,Jiehu,CN,35.5428,118.455,59.11,29,19,12.86,few clouds
458,Sai Buri,TH,6.7013,101.6168,87.75,62,12,4.36,few clouds
459,Biharamulo,TZ,-2.6319,31.3089,65.59,89,75,2.86,light rain
460,Dayong,CN,25.0209,118.2898,61.23,70,99,3.36,overcast clouds
461,Nikolayevsk-Na-Amure,RU,53.1406,140.73,25.79,72,77,8.72,broken clouds
462,Alofi,NU,-19.0595,-169.9187,80.6,78,98,15.46,moderate rain
463,Arefu,RO,45.3333,24.6,42.15,48,1,0.43,clear sky
464,Zhmerynka,UA,49.037,28.112,36.54,43,37,10.47,scattered clouds
465,Korla,CN,41.7597,86.1469,58.84,18,24,8.08,few clouds
466,Atbasar,KZ,51.8,68.3333,23.29,92,79,11.05,broken clouds
467,Hovd,MN,48.0056,91.6419,42.19,20,63,12.15,broken clouds
468,Novyy Urengoy,RU,66.0833,76.6333,17.44,93,100,15.01,overcast clouds
469,Umm Kaddadah,SD,13.6017,26.6876,68.14,10,5,22.1,clear sky
470,Aquin,HT,18.2833,-73.4,77.16,73,57,12.24,broken clouds
471,Nova Borova,UA,50.693,28.6345,36.97,44,65,15.05,broken clouds
472,Meadow Lake,US,34.8014,-106.5436,62.13,16,59,6.71,broken clouds
473,Walvis Bay,NA,-22.9575,14.5053,63.09,89,42,6.15,scattered clouds
474,Rudbar,AF,30.15,62.6,79.95,9,0,5.26,clear sky
475,Nelson Bay,AU,-32.7167,152.15,75.0,87,100,1.21,moderate rain
476,Richards Bay,ZA,-28.783,32.0377,73.36,84,9,8.19,clear sky
477,Ahipara,NZ,-35.1667,173.1667,66.15,70,0,9.01,clear sky
478,George Town,MY,5.4112,100.3354,87.73,66,20,4.61,few clouds
479,Keffi,NG,8.8486,7.8736,72.7,18,59,0.63,broken clouds
480,Tual,ID,-5.6667,132.75,80.96,77,100,13.82,overcast clouds
481,Deputatskiy,RU,69.3,139.9,6.49,87,19,2.84,few clouds
482,Matamoros,MX,25.5333,-103.25,66.79,19,8,4.52,clear sky
483,Mundo Novo,BR,-11.8589,-40.4725,68.85,98,76,3.0,broken clouds
484,Guacimo,CR,10.2104,-83.6807,70.07,94,87,1.63,overcast clouds
485,Menongue,AO,-14.6585,17.691,65.03,87,94,2.1,overcast clouds
486,Shizunai,JP,42.3339,142.3669,39.72,71,38,23.09,scattered clouds
487,Dunedin,NZ,-45.8742,170.5036,61.81,87,0,11.99,clear sky
488,Mackay,AU,-21.15,149.2,79.84,71,4,9.22,clear sky
489,Saint-Louis,SN,16.3333,-15.0,67.95,46,92,10.38,overcast clouds
490,Talara,PE,-4.5772,-81.2719,73.94,75,100,3.71,overcast clouds
491,Waitati,NZ,-45.75,170.5667,61.81,87,3,8.66,clear sky
492,Dauphin,CA,51.1494,-100.0502,12.13,90,92,5.21,overcast clouds
493,Touros,BR,-5.1989,-35.4608,77.95,87,85,9.84,overcast clouds
494,Bongandanga,CD,1.5,21.05,75.22,73,100,5.21,overcast clouds
495,Catamarca,AR,-28.4696,-65.7852,68.58,48,0,7.81,clear sky
496,Kitimat,CA,54.0524,-128.6534,36.91,49,11,3.15,few clouds
497,Praia Da Vitoria,PT,38.7333,-27.0667,58.75,87,99,8.68,overcast clouds
498,Pacific Grove,US,36.6177,-121.9166,54.09,89,82,4.0,moderate rain
499,Isawa,JP,35.65,138.6333,66.38,35,79,3.0,broken clouds
500,Saint Anthony,US,45.0205,-93.218,23.25,42,0,5.75,clear sky
501,Dakar,SN,14.6937,-17.4441,65.28,87,97,18.07,overcast clouds
502,Talen,IN,23.5667,76.7167,98.71,9,6,10.42,clear sky
503,Hami,CN,42.8,93.45,57.4,24,82,9.69,broken clouds
504,Tura,IN,25.5198,90.2201,91.99,25,10,6.44,clear sky
505,Erenhot,CN,43.6475,111.9767,56.17,19,77,23.44,broken clouds
506,Aripuana,BR,-9.1667,-60.6333,73.35,98,100,1.39,light rain
507,Dudinka,RU,69.4058,86.1778,1.62,94,95,9.15,overcast clouds
508,Ngunguru,NZ,-35.6167,174.5,64.54,71,14,5.55,few clouds
509,Jeremie,HT,18.65,-74.1167,75.99,75,94,14.83,overcast clouds
510,Francisco Beltrao,BR,-26.0811,-53.055,56.84,92,0,3.42,clear sky
511,Saint George,US,37.1041,-113.5841,67.95,14,0,10.36,clear sky
512,Arlit,NE,18.7369,7.3853,71.49,7,0,2.77,clear sky
513,Pisco,PE,-13.7,-76.2167,66.25,82,0,10.36,clear sky
514,Xingyi,CN,24.1877,102.817,69.4,43,12,10.36,few clouds
515,Aykhal,RU,66.0,111.5,11.35,86,99,11.25,overcast clouds
516,Ladnun,IN,27.65,74.3833,98.78,6,0,14.25,clear sky
517,San Quintin,MX,30.4833,-115.95,58.93,80,100,0.96,overcast clouds
518,Wucheng,CN,29.6008,118.175,61.84,62,92,6.26,overcast clouds
519,Andros Town,BS,24.7,-77.7667,71.56,53,0,14.76,clear sky
520,Boke,GN,10.9409,-14.2967,70.21,85,40,2.08,scattered clouds
521,Wewak,PG,-3.5534,143.6268,83.64,76,100,15.84,overcast clouds
522,Luanda,AO,-8.8368,13.2343,78.8,89,75,6.91,broken clouds
523,Canon City,US,38.441,-105.2424,60.51,70,0,8.05,clear sky
524,Berea,US,41.3662,-81.8543,26.22,61,100,16.11,overcast clouds
525,Zheleznodorozhnyy,RU,55.7503,38.0042,23.14,74,99,9.44,overcast clouds
526,Itacare,BR,-14.2775,-38.9967,76.37,86,97,7.0,overcast clouds
527,Jonesboro,US,35.8423,-90.7043,42.57,52,0,9.22,clear sky
528,Beitbridge,ZW,-22.2167,30.0,72.88,74,18,18.54,few clouds
529,Kostino,RU,58.9097,53.2691,19.2,81,97,8.28,overcast clouds
530,Durban,ZA,-29.8579,31.0292,73.02,87,23,4.0,few clouds
531,Ucluelet,CA,48.9329,-125.5528,49.08,93,100,4.09,overcast clouds
532,Clyde River,CA,70.4692,-68.5914,-7.37,84,100,9.22,overcast clouds
533,Christchurch,NZ,-43.5333,172.6333,61.95,78,18,20.71,few clouds
534,Prainha,BR,-1.8,-53.48,73.38,98,100,2.68,overcast clouds
535,Kerouane,GN,9.2667,-9.0167,71.55,79,61,2.1,broken clouds
536,Vila Velha,BR,-20.3297,-40.2925,75.94,91,0,1.14,clear sky
537,Kawalu,ID,-7.3817,108.2082,90.03,51,100,2.42,overcast clouds
538,Azul,AR,-36.777,-59.8585,57.34,75,0,6.13,clear sky
539,Sibolga,ID,1.7427,98.7792,86.79,49,8,5.57,clear sky
540,Bonavista,CA,48.6499,-53.1147,32.36,96,100,25.77,snow
541,Lao Cai,VN,22.4833,103.95,77.11,69,82,3.0,broken clouds
542,Alexandria,EG,31.2156,29.9553,59.23,59,0,9.69,clear sky
543,Sistranda,NO,63.7256,8.834,39.16,75,100,36.13,overcast clouds
544,Altamira,BR,-3.2033,-52.2064,72.16,99,100,2.55,overcast clouds
545,Altagracia De Orituco,VE,9.8601,-66.3814,71.46,87,71,4.34,broken clouds
546,Vilyuysk,RU,63.7553,121.6247,23.5,89,100,6.64,overcast clouds
547,Lodja,CD,-3.4833,23.4333,70.18,99,100,2.59,light rain
548,General Roca,AR,-39.0333,-67.5833,59.74,33,0,3.06,clear sky
549,Nacala,MZ,-14.5428,40.6728,79.83,78,85,6.93,overcast clouds
550,Vila Franca Do Campo,PT,37.7167,-25.4333,57.61,85,83,10.07,broken clouds
551,Angren,UZ,41.0167,70.1436,52.57,40,2,3.42,clear sky
552,Krasnoselkup,RU,65.7,82.4667,19.71,87,100,12.24,overcast clouds
553,Qui Nhon,VN,13.7667,109.2333,82.65,74,91,19.26,overcast clouds
554,Ola,RU,59.5833,151.2833,23.14,61,100,16.44,overcast clouds
555,Laguna,US,38.421,-121.4238,60.4,79,100,9.22,overcast clouds
556,Vila,PT,42.0304,-8.1588,45.48,84,100,4.23,overcast clouds
557,Dwarka,IN,22.2394,68.9678,86.38,45,3,11.83,clear sky
558,Tortoli,IT,39.9256,9.6572,55.22,47,0,12.66,clear sky
559,Tuyen Quang,VN,21.8233,105.2181,79.57,54,78,1.95,broken clouds
560,Chongwe,ZM,-15.3292,28.682,66.29,96,100,8.59,overcast clouds
561,Tambura,SS,5.6,27.4667,79.84,15,94,3.0,overcast clouds
562,Mestia,GE,43.0458,42.7278,26.08,91,99,7.92,light snow
563,Teknaf,BD,20.8624,92.3058,86.41,62,43,8.63,scattered clouds
564,Mala Danylivka,UA,50.0635,36.1656,30.74,41,86,12.12,overcast clouds
565,Solnechnyy,RU,50.7214,136.6319,29.98,87,73,3.29,light snow
566,Tiarei,PF,-17.5333,-149.3333,80.62,75,35,14.16,scattered clouds
567,Manggar,ID,-2.8833,108.2667,86.11,65,33,9.73,scattered clouds
568,Liverpool,GB,53.4106,-2.9779,51.66,88,20,4.61,few clouds
569,Diffa,NE,13.3154,12.6113,67.87,24,43,12.28,scattered clouds
570,Quatre Cocos,MU,-20.2078,57.7625,84.31,61,8,6.98,clear sky
571,Fereydun Kenar,IR,36.6864,52.5225,54.09,66,4,2.82,clear sky
572,Caravelas,BR,-17.7125,-39.2481,74.98,87,37,3.8,scattered clouds
573,Chama,CH,47.1821,8.4636,44.47,100,0,0.0,clear sky
574,Loandjili,CG,-4.7561,11.8578,77.34,93,96,4.34,light rain
575,Suntar,RU,62.1444,117.6319,26.55,75,99,6.08,overcast clouds
576,Petatlan,MX,17.5167,-101.2667,70.95,41,25,3.83,scattered clouds
577,Miramar,US,25.9873,-80.2323,69.01,69,0,5.75,clear sky
578,Olinda,BR,-8.0089,-34.8553,82.13,78,75,8.05,broken clouds
579,Charters Towers,AU,-20.1,146.2667,92.82,25,2,9.28,clear sky
580,Bandarbeyla,SO,9.4942,50.8122,81.91,61,12,16.08,few clouds
581,Noyabrsk,RU,63.1994,75.4507,18.88,84,94,21.34,overcast clouds
582,Asfi,MA,32.2994,-9.2372,62.82,78,94,10.63,overcast clouds
583,Ixtapa,MX,20.7,-105.2,69.22,82,33,2.37,scattered clouds
584,Onega,RU,63.9061,38.1404,18.18,95,94,2.82,overcast clouds
585,Vysokogornyy,RU,50.1167,139.15,23.61,88,84,13.47,broken clouds
586,Palauig,PH,15.435,119.9045,87.89,60,71,10.04,broken clouds
587,Zacualpan,MX,21.25,-105.1667,70.92,49,8,3.04,clear sky
588,Aracataca,CO,10.5918,-74.1898,79.05,79,97,2.26,overcast clouds
589,Basco,PH,20.4487,121.9702,78.89,83,59,19.86,broken clouds
590,Vawkavysk,BY,53.1561,24.4513,40.19,69,32,17.2,scattered clouds
591,Shelburne,CA,44.0787,-80.2041,12.9,86,37,12.71,scattered clouds
592,Pangnirtung,CA,66.1451,-65.7125,12.99,63,83,5.37,broken clouds
593,Carlos Chagas,BR,-17.7031,-40.7664,69.22,93,46,1.86,scattered clouds
594,Pinheiro Machado,BR,-31.5783,-53.3811,55.6,79,0,0.54,clear sky
595,Makinsk,KZ,52.6292,70.4169,28.42,89,98,12.93,overcast clouds
596,Yahotyn,UA,50.2798,31.7625,34.9,45,87,11.9,overcast clouds
597,Sorong,ID,-0.8833,131.25,82.87,74,42,6.06,moderate rain
598,Gibsons,CA,49.3997,-123.5027,52.23,93,100,5.41,overcast clouds
599,Nouadhibou,MR,20.931,-17.0347,62.58,94,100,4.61,fog
600,Chimore,BO,-16.9833,-65.1333,69.78,91,94,1.03,overcast clouds
601,Tuttlingen,DE,47.9833,8.8167,45.41,87,0,2.62,clear sky
602,Nsanje,MW,-16.92,35.262,76.66,86,89,4.79,overcast clouds
603,Esna,EG,25.2934,32.554,65.41,14,0,10.13,clear sky
604,Dondo,MZ,-19.6094,34.7431,78.31,94,82,7.31,light rain
605,Adzope,CI,6.1069,-3.8619,74.59,96,92,2.26,overcast clouds
606,Cockburn Town,TC,21.4612,-71.1419,75.87,64,62,17.07,broken clouds
607,Maracaju,BR,-21.6144,-55.1683,68.09,85,11,4.14,few clouds
608,Fukue,JP,32.6881,128.8419,55.76,62,75,11.5,broken clouds
609,Phan Thong,TH,13.468,101.0953,97.27,87,57,7.2,broken clouds
610,Skelleftea,SE,64.7507,20.9528,24.01,68,100,10.36,overcast clouds
611,Dali,CN,25.7,100.1833,69.44,32,5,6.38,clear sky
612,Broken Hill,AU,-31.95,141.4333,82.27,25,85,14.09,overcast clouds
613,Nawa,IN,27.0167,75.0,97.68,7,0,14.25,clear sky
614,San Carlos,VE,9.6612,-68.5827,81.01,62,98,2.64,overcast clouds
615,Yaan,NG,7.3833,8.5667,76.48,67,55,4.41,broken clouds
616,Estacion Coahuila,MX,32.1939,-115.0017,71.82,36,95,6.76,overcast clouds
617,Ojinaga,MX,29.5667,-104.4167,76.15,19,0,8.05,clear sky
618,Cagliliog,PH,13.9016,123.2913,86.11,66,95,11.52,overcast clouds
619,Salihorsk,BY,52.7876,27.5415,38.28,56,75,18.23,broken clouds
620,Gogrial,SS,8.5332,28.1004,81.1,13,41,9.42,scattered clouds
621,Cabinda,AO,-5.55,12.2,79.23,92,89,5.46,overcast clouds
622,Pilar,BR,-9.5972,-35.9567,75.13,90,91,3.96,overcast clouds
623,Bardsir,IR,29.9227,56.5743,63.52,2,0,5.55,clear sky
624,Necochea,AR,-38.5473,-58.7368,54.45,68,0,8.48,clear sky
625,Tripoli,LY,32.8752,13.1875,60.13,86,90,8.41,overcast clouds
626,Murgab,TM,37.4966,61.9714,64.27,32,0,6.91,clear sky
627,Mandalgovi,MN,45.7625,106.2708,41.7,44,100,14.27,overcast clouds
628,Puerto Quijarro,BO,-17.7833,-57.7667,71.89,83,45,1.79,scattered clouds
629,Urumqi,CN,43.801,87.6005,49.15,62,40,11.18,scattered clouds
630,Bambanglipuro,ID,-7.95,110.2833,84.06,73,88,5.79,overcast clouds
631,Kanker,IN,20.2719,81.4931,101.8,6,25,8.95,scattered clouds
632,Birao,CF,10.2849,22.7882,74.34,11,35,12.35,scattered clouds
633,Asifabad,IN,19.3667,79.2833,103.51,10,10,2.42,clear sky
634,Sakakah,SA,29.9697,40.2064,56.77,22,0,12.82,clear sky
635,Kilis,TR,36.7161,37.115,50.23,55,0,3.83,clear sky
636,Juneau,US,58.3019,-134.4197,34.11,99,75,0.0,broken clouds
637,Azuaga,ES,38.2667,-5.6833,47.97,87,100,9.01,overcast clouds
638,Licheng,CN,23.2955,113.8284,61.95,78,100,6.64,overcast clouds
639,Coahuayana,MX,18.7333,-103.6833,67.53,66,0,3.89,clear sky
640,Labrea,BR,-7.2586,-64.7981,71.56,99,98,1.81,overcast clouds
641,Kysyl-Syr,RU,63.8986,122.7617,24.26,90,100,1.52,light snow
642,Zeya,RU,53.75,127.2667,36.61,60,99,11.9,overcast clouds
643,Mahibadhoo,MV,3.7833,72.9667,82.69,69,92,6.29,overcast clouds
644,Albanel,CA,48.8832,-72.4487,6.94,66,100,17.27,overcast clouds
645,Sfantu Gheorghe,RO,45.8667,25.7833,46.92,51,27,0.45,scattered clouds
646,Kitaibaraki,JP,36.7833,140.75,54.14,39,100,17.81,overcast clouds
647,Bauska,LV,56.4075,24.1906,40.3,84,75,16.49,broken clouds
648,Nome,US,64.5011,-165.4064,26.67,64,0,11.5,clear sky
649,Saint-Michel-Des-Saints,CA,46.6834,-73.9159,7.93,93,100,9.04,overcast clouds
650,Tsiroanomandidy,MG,-18.7667,46.0333,75.16,84,95,0.83,overcast clouds
651,Pryazha,RU,61.6926,33.6216,18.63,93,100,10.4,light snow
652,Pudozh,RU,61.8099,36.5345,16.68,89,99,5.91,overcast clouds
653,Egvekinot,RU,66.3167,-179.1667,-4.77,93,8,6.87,clear sky
654,Kadipur,IN,26.1667,82.3833,98.15,6,2,7.56,clear sky
655,Skibbereen,IE,51.55,-9.2667,41.11,94,3,9.08,clear sky
656,Houma,US,29.5958,-90.7195,64.99,94,100,0.0,fog
657,North Platte,US,41.1239,-100.7654,38.07,44,0,13.0,clear sky
658,Ewa Beach,US,21.3156,-158.0072,74.08,80,100,5.75,overcast clouds
659,Kuopio,FI,62.8924,27.677,21.15,93,100,9.22,snow
660,Japura,ID,-0.3167,102.35,96.31,42,53,3.96,broken clouds
661,Parrita,CR,9.5201,-84.3225,76.73,77,95,4.85,overcast clouds
662,Kiunga,PG,-6.1219,141.2906,80.82,93,72,5.1,broken clouds
663,Abha,SA,18.2164,42.5053,66.45,19,0,0.0,clear sky
664,Ulaangom,MN,49.9811,92.0667,19.98,84,100,2.28,overcast clouds
665,Katherine,AU,-14.4667,132.2667,97.12,32,100,5.75,overcast clouds
666,Tigil,RU,57.8,158.6667,31.12,74,100,17.27,overcast clouds
667,Jatai,BR,-17.8814,-51.7144,67.6,92,100,2.37,overcast clouds
668,Mukhen,RU,48.1,136.1,33.24,82,79,8.93,broken clouds
669,Wajir,KE,1.7471,40.0573,84.34,54,62,13.38,broken clouds
670,Kupang,ID,-10.1667,123.5833,83.21,76,26,5.1,scattered clouds
671,Morgan City,US,29.6994,-91.2068,63.0,100,75,4.61,broken clouds
672,Marana,US,32.4367,-111.2254,73.49,16,0,4.61,clear sky
673,Makakilo City,US,21.3469,-158.0858,72.68,79,100,5.75,overcast clouds
674,Uige,AO,-7.6087,15.0613,68.68,93,100,4.05,overcast clouds
675,Sao Pedro Do Sul,BR,-29.6206,-54.1789,59.72,82,13,2.77,few clouds
676,Chimoio,MZ,-19.1164,33.4833,67.86,100,75,5.23,broken clouds
677,Mongomo,GQ,1.6274,11.3135,69.69,95,86,1.97,light rain
678,Abbeville,FR,50.1,1.8333,40.5,87,12,3.49,few clouds
679,Pathein,MM,16.7833,94.7333,97.02,37,48,12.03,scattered clouds
680,Khorramshahr,IR,30.4397,48.1664,66.16,34,0,13.8,clear sky
681,Clearlake,US,38.9582,-122.6264,49.57,67,100,4.61,moderate rain
682,Tak,TH,16.5833,98.8333,85.71,35,6,1.79,clear sky
683,Pokaran,IN,26.9167,71.9167,101.82,6,0,12.12,clear sky
684,Takaka,NZ,-40.85,172.8,62.56,79,0,2.59,clear sky
685,Lubango,AO,-14.9172,13.4925,62.28,62,100,3.11,overcast clouds
686,Fort-Shevchenko,KZ,44.5086,50.263,39.34,65,100,29.48,overcast clouds
687,Palmas,BR,-10.2128,-48.3603,75.07,100,75,2.3,broken clouds
688,Strezhevoy,RU,60.7333,77.5889,23.14,87,78,11.81,broken clouds
